INSERT INTO Country VALUES ('AB', 'CA');
INSERT INTO Country VALUES ('BC', 'CA');
INSERT INTO Country VALUES ('MB', 'CA');
INSERT INTO Country VALUES ('NB', 'CA');
INSERT INTO Country VALUES ('NL', 'CA');
INSERT INTO Country VALUES ('NT', 'CA');
INSERT INTO Country VALUES ('NS', 'CA');
INSERT INTO Country VALUES ('NU', 'CA');
INSERT INTO Country VALUES ('ON', 'CA');
INSERT INTO Country VALUES ('PE', 'CA');
INSERT INTO Country VALUES ('QC', 'CA');
INSERT INTO Country VALUES ('SK', 'CA');
INSERT INTO Country VALUES ('YT', 'CA');
INSERT INTO Country VALUES ('AL', 'US');
INSERT INTO Country VALUES ('AK', 'US');
INSERT INTO Country VALUES ('AR', 'US');
INSERT INTO Country VALUES ('AZ', 'US');
INSERT INTO Country VALUES ('CA', 'US');
INSERT INTO Country VALUES ('CO', 'US');
INSERT INTO Country VALUES ('CT', 'US');
INSERT INTO Country VALUES ('DC', 'US');
INSERT INTO Country VALUES ('DE', 'US');
INSERT INTO Country VALUES ('FL', 'US');
INSERT INTO Country VALUES ('GA', 'US');
INSERT INTO Country VALUES ('HI', 'US');
INSERT INTO Country VALUES ('IA', 'US');
INSERT INTO Country VALUES ('ID', 'US');
INSERT INTO Country VALUES ('IL', 'US');
INSERT INTO Country VALUES ('IN', 'US');
INSERT INTO Country VALUES ('KS', 'US');
INSERT INTO Country VALUES ('KY', 'US');
INSERT INTO Country VALUES ('LA', 'US');
INSERT INTO Country VALUES ('MA', 'US');
INSERT INTO Country VALUES ('MD', 'US');
INSERT INTO Country VALUES ('ME', 'US');
INSERT INTO Country VALUES ('MI', 'US');
INSERT INTO Country VALUES ('MN', 'US');
INSERT INTO Country VALUES ('MO', 'US');
INSERT INTO Country VALUES ('MS', 'US');
INSERT INTO Country VALUES ('MT', 'US');
INSERT INTO Country VALUES ('NC', 'US');
INSERT INTO Country VALUES ('ND', 'US');
INSERT INTO Country VALUES ('NE', 'US');
INSERT INTO Country VALUES ('NH', 'US');
INSERT INTO Country VALUES ('NJ', 'US');
INSERT INTO Country VALUES ('NM', 'US');
INSERT INTO Country VALUES ('NV', 'US');
INSERT INTO Country VALUES ('NY', 'US');
INSERT INTO Country VALUES ('OH', 'US');
INSERT INTO Country VALUES ('OK', 'US');
INSERT INTO Country VALUES ('OR', 'US');
INSERT INTO Country VALUES ('PA', 'US');
INSERT INTO Country VALUES ('RI', 'US');
INSERT INTO Country VALUES ('SC', 'US');
INSERT INTO Country VALUES ('SD', 'US');
INSERT INTO Country VALUES ('TN', 'US');
INSERT INTO Country VALUES ('TX', 'US');
INSERT INTO Country VALUES ('UT', 'US');
INSERT INTO Country VALUES ('VT', 'US');
INSERT INTO Country VALUES ('VA', 'US');
INSERT INTO Country VALUES ('WA', 'US');
INSERT INTO Country VALUES ('WV', 'US');
INSERT INTO Country VALUES ('WI', 'US');
INSERT INTO Country VALUES ('WY', 'US');

INSERT INTO City VALUES ('Banff', 'AB');
INSERT INTO City VALUES ('Calgary', 'AB');
INSERT INTO City VALUES ('Burnaby', 'BC');
INSERT INTO City VALUES ('Delta', 'BC');
INSERT INTO City VALUES ('Langley', 'BC');
INSERT INTO City VALUES ('North Vancouver', 'BC');
INSERT INTO City VALUES ('Richmond', 'BC');
INSERT INTO City VALUES ('Surrey', 'BC');
INSERT INTO City VALUES ('Vancouver', 'BC');
INSERT INTO City VALUES ('Victoria', 'BC');
INSERT INTO City VALUES ('West Vancouver', 'BC');
INSERT INTO City VALUES ('Ottawa', 'ON');
INSERT INTO City VALUES ('Toronto', 'ON');
INSERT INTO City VALUES ('Los Angeles', 'CA');
INSERT INTO City VALUES ('Burbank', 'CA');
INSERT INTO City VALUES ('Chicago', 'IL');
INSERT INTO City VALUES ('Orlando', 'FL');
INSERT INTO City VALUES ('New York', 'NY');
INSERT INTO City VALUES ('Portland', 'OR');
INSERT INTO City VALUES ('Vancouver', 'OR');
INSERT INTO City VALUES ('Houston', 'TX');
INSERT INTO City VALUES ('Richmond', 'VA');
INSERT INTO City VALUES ('Seattle', 'WA');

INSERT INTO Location VALUES ('UBC', 'Vancouver', 'BC');
INSERT INTO Location VALUES ('Rogers Arena', 'Vancouver', 'BC');
INSERT INTO Location VALUES ('Main Street', 'Vancouver', 'BC');
INSERT INTO Location VALUES ('Main Street', 'North Vancouver', 'BC');
INSERT INTO Location VALUES ('Metrotown', 'Burnaby', 'BC');
INSERT INTO Location VALUES ('Aberdeen', 'Richmond', 'BC');

INSERT INTO Permissions VALUE ('regular', FALSE, FALSE);
INSERT INTO Permissions VALUE ('premium', TRUE, FALSE);
INSERT INTO Permissions VALUE ('deluxe', TRUE, TRUE);

INSERT INTO Account VALUES ('alpha', 'alpha@example.com', 'amber', 'Alpha', 'Vancouver', 'BC', 200, 'Deluxe');
INSERT INTO Account VALUES ('bravo', 'bravo@example.com', 'bronze', 'Bravo', 'Victoria', 'BC', 153, 'Premium');
INSERT INTO Account VALUES ('charlie', 'charlie@example.com', 'coral', 'Charlie', 'Vancouver', 'OR', 2000, 'Regular');
INSERT INTO Account VALUES ('delta', 'delta@example.com', 'denim', NULL, NULL, 'BC', 0, 'Regular');
INSERT INTO Account VALUES ('echo', 'echo@example.com', 'emerald', NULL, NULL, NULL, 0, 'Regular');

INSERT INTO AccountUpgrade VALUES (1, 'Double Like', 'Gives 2 coins every time you like a post or comment.', 200);
INSERT INTO AccountUpgrade VALUES (2, 'Triple Like', 'Gives 3 coins every time you like a post or comment.', 300);
INSERT INTO AccountUpgrade VALUES (3, 'Double Dislike', 'For when you''re extra angry.', 200);
INSERT INTO AccountUpgrade VALUES (4, 'Badge', 'A shiny badge to put on your profile.', 500);
INSERT INTO AccountUpgrade VALUES (5, 'Star', 'You''re a star!', 1000);
INSERT INTO AccountUpgrade VALUES (6, 'Heart', 'Self care.', 2000);

INSERT INTO Superpower VALUES (1, 1, 0, 3);
INSERT INTO Superpower VALUES (2, 2, 0, 1);
INSERT INTO Superpower VALUES (3, 0, 1, 3);

INSERT INTO Purchase VALUES ('alpha', 4, NULL);
INSERT INTO Purchase VALUES ('alpha', 2, '2020-04-12');
INSERT INTO Purchase VALUES ('bravo', 1, '2020-04-16');
INSERT INTO Purchase VALUES ('charlie', 5, NULL);

INSERT INTO Post VALUES (1, 'alpha', 'Rant', 'Why do people do this? I don''t understand. Who does that? I don''t know what I''m talking about!', 'Main Street', 'Vancouver', 'BC', '2020-03-12 09:24:31');
INSERT INTO Post VALUES (2, 'alpha', 'Granola recipe', 'Mix oats,  puffed rice,  nuts,  seeds,  honey,  and coconut oil. Bake at 350F for 40 minutes. Stir in dried fruit.', NULL, 'Richmond', 'BC', '2020-02-10 18:21:00');
INSERT INTO Post VALUES (3, 'bravo', 'Good boy', 'My dog chased away a mole today. It would''ve ruined my garden :O', NULL, NULL, NULL, '2020-01-31 12:00:12');
INSERT INTO Post VALUES (4, 'charlie', 'I made bread', 'Took all day but it was worth it!!', NULL, 'Burnaby', 'BC', '2020-01-08 13:21:44');
INSERT INTO Post VALUES (5, 'echo', 'It''s too hot outside', 'aaaaaaaaaaaaaa I''m dying', NULL, NULL, NULL, '2019-08-20 15:51:02');

INSERT INTO PostReaction VALUES ('echo', 1, -1);
INSERT INTO PostReaction VALUES ('bravo', 2, 2);
INSERT INTO PostReaction VALUES ('charlie', 2, 1);
INSERT INTO PostReaction VALUES ('delta', 2, 1);
INSERT INTO PostReaction VALUES ('delta', 3, 1);
INSERT INTO PostReaction VALUES ('charlie', 3, -1);
INSERT INTO PostReaction VALUES ('alpha', 4, 3);
INSERT INTO PostReaction VALUES ('bravo', 4, 2);

INSERT INTO Comment VALUES (1, 2, 'bravo', 'My favrite!!!', '2020-02-12 16:21:22');
INSERT INTO Comment VALUES (2, 2, 'bravo', '*favorite oops', '2020-02-12 16:22:13');
INSERT INTO Comment VALUES (3, 2, 'delta', 'So good', '2020-02-21 20:27:03');
INSERT INTO Comment VALUES (1, 3, 'charlie', 'Floof', '2020-02-03 13:51:02');
INSERT INTO Comment VALUES (1, 4, 'delta', 'Nice!', '2020-02-24 08:12:32');
INSERT INTO Comment VALUES (2, 4, 'echo', 'What kind?', '2020-03-08 22:11:54');

INSERT INTO CommentReaction VALUES ('charlie', 1, 2, -1);
INSERT INTO CommentReaction VALUES ('delta', 1, 2, -1);
INSERT INTO CommentReaction VALUES ('echo', 3, 2, 1);
INSERT INTO CommentReaction VALUES ('alpha', 1, 3, -1);
INSERT INTO CommentReaction VALUES ('alpha', 2, 4, 1);
INSERT INTO CommentReaction VALUES ('bravo', 2, 4, 1);
INSERT INTO CommentReaction VALUES ('delta', 2, 4, 1);